metric,value,time(s)
average,-0.004041539078069443,-
RMS,0.6774934441726368,-
maximum,1.5796802191020396,8.20
minimum,-1.0019389896729078,1.40
sudden_changes,0.0,-
